title,url
System76 on Age Verification Laws,https://blog.system76.com/post/system76-on-age-verification/
GPT-5.4,https://openai.com/index/introducing-gpt-5-4/
10% of Firefox crashes are caused by bitflips,https://mas.to/@gabrielesvelto/116171750653898304
Show HN: Swarm – Program a colony of 200 ants using a custom assembly language,https://dev.moment.com/
A GitHub Issue Title Compromised 4k Developer Machines,https://grith.ai/blog/clinejection-when-your-ai-tool-installs-another
The Brand Age,https://paulgraham.com/brandage.html
Labor market impacts of AI: A new measure and early evidence,https://www.anthropic.com/research/labor-market-impacts
Where things stand with the Department of War,https://www.anthropic.com/news/where-stand-department-war
Stardex (YC S21) is hiring customer success engineers,https://www.ycombinator.com/companies/stardex/jobs/lag1C1P-customer-success-engineer-ai-data-migration
Good software knows when to stop,https://ogirardot.writizzy.com/p/good-software-knows-when-to-stop
CBP tapped into the online advertising ecosystem to track peoples’ movements,https://www.404media.co/cbp-tapped-into-the-online-advertising-ecosystem-to-track-peoples-movements/
"A standard protocol to handle and discard low-effort, AI-Generated pull requests",https://406.fail/
Wikipedia was in read-only mode following mass admin account compromise,https://www.wikimediastatus.net
Screeching Sound of Peeling Tape,https://journals.aps.org/pre/abstract/10.1103/p19h-9ysx
How to install and start using LineageOS on your phone,https://lockywolf.net/2026-02-19_How-to-install-and-start-using-LineageOS-on-your-phone.d/index.html
TeX Live 2026 is available for download now,https://www.tug.org/texlive/acquire.html
A ternary plot of citrus geneology,https://www.jlauf.com/writing/citrus/
"Hardware hotplug events on Linux, the gory details",https://arcanenibble.github.io/hardware-hotplug-events-on-linux-the-gory-details.html
"Show HN: Jido 2.0, Elixir Agent Framework",https://jido.run/blog/jido-2-0-is-here
Judge orders government to begin refunding more than $130B in tariffs,https://www.wsj.com/politics/policy/judge-orders-government-to-begin-refunding-more-than-130-billion-in-tariffs-fdc1e62c
